--
-- PostgreSQL database dump
--

\restrict pnC3OHqipY4lPbBWzAae1yWpRHiaLYPRTIgNn1x7yiRv9ktRqwNAG1Irio5Og72

-- Dumped from database version 18.2
-- Dumped by pg_dump version 18.2

-- Started on 2026-05-11 15:10:09

SET statement_timeout = 0;
SET lock_timeout = 0;
SET idle_in_transaction_session_timeout = 0;
SET transaction_timeout = 0;
SET client_encoding = 'UTF8';
SET standard_conforming_strings = on;
SELECT pg_catalog.set_config('search_path', '', false);
SET check_function_bodies = false;
SET xmloption = content;
SET client_min_messages = warning;
SET row_security = off;

SET default_tablespace = '';

SET default_table_access_method = heap;

--
-- TOC entry 240 (class 1259 OID 16590)
-- Name: coef_regulators; Type: TABLE; Schema: public; Owner: postgres
--

CREATE TABLE public.coef_regulators (
    id integer NOT NULL,
    k_dc real,
    k_c real,
    k_ci real,
    k_ds real,
    k_s real,
    k_si real,
    k_da real,
    k_a real,
    k_ai real,
    k_pwm real,
    "T_pwm" real,
    k_feedforward real
);


ALTER TABLE public.coef_regulators OWNER TO postgres;

--
-- TOC entry 5130 (class 0 OID 0)
-- Dependencies: 240
-- Name: TABLE coef_regulators; Type: COMMENT; Schema: public; Owner: postgres
--

COMMENT ON TABLE public.coef_regulators IS 'Таблица со значениями различных коэффициентов ';


--
-- TOC entry 239 (class 1259 OID 16589)
-- Name: coef_regulators_id_seq; Type: SEQUENCE; Schema: public; Owner: postgres
--

ALTER TABLE public.coef_regulators ALTER COLUMN id ADD GENERATED ALWAYS AS IDENTITY (
    SEQUENCE NAME public.coef_regulators_id_seq
    START WITH 1
    INCREMENT BY 1
    NO MINVALUE
    NO MAXVALUE
    CACHE 1
);


--
-- TOC entry 219 (class 1259 OID 16397)
-- Name: company_encoder; Type: TABLE; Schema: public; Owner: kira9k
--

CREATE TABLE public.company_encoder (
    id_company_encoder integer NOT NULL,
    company_name text NOT NULL,
    company_country text
);


ALTER TABLE public.company_encoder OWNER TO kira9k;

--
-- TOC entry 5132 (class 0 OID 0)
-- Dependencies: 219
-- Name: TABLE company_encoder; Type: COMMENT; Schema: public; Owner: kira9k
--

COMMENT ON TABLE public.company_encoder IS 'Страна-производитель энкодера';


--
-- TOC entry 220 (class 1259 OID 16404)
-- Name: company_encoder_id_company_encoder_seq; Type: SEQUENCE; Schema: public; Owner: kira9k
--

ALTER TABLE public.company_encoder ALTER COLUMN id_company_encoder ADD GENERATED ALWAYS AS IDENTITY (
    SEQUENCE NAME public.company_encoder_id_company_encoder_seq
    START WITH 1
    INCREMENT BY 1
    NO MINVALUE
    NO MAXVALUE
    CACHE 1
);


--
-- TOC entry 221 (class 1259 OID 16405)
-- Name: encoder; Type: TABLE; Schema: public; Owner: kira9k
--

CREATE TABLE public.encoder (
    id integer CONSTRAINT encoder_id_encoder_not_null NOT NULL,
    id_company integer NOT NULL,
    id_type_encoder integer NOT NULL,
    shaft_diameter real NOT NULL,
    rotor_breakway_torque real NOT NULL,
    rotor_moment_of_inertia real,
    maximum_rotation_speed real,
    supply_voltage real,
    lines_count integer NOT NULL,
    weight real NOT NULL,
    drawing text,
    price numeric(9,2),
    encoder_name text
);


ALTER TABLE public.encoder OWNER TO kira9k;

--
-- TOC entry 5133 (class 0 OID 0)
-- Dependencies: 221
-- Name: TABLE encoder; Type: COMMENT; Schema: public; Owner: kira9k
--

COMMENT ON TABLE public.encoder IS 'Таблица с энкодерами';


--
-- TOC entry 222 (class 1259 OID 16417)
-- Name: encoder_id_encoder_seq; Type: SEQUENCE; Schema: public; Owner: kira9k
--

ALTER TABLE public.encoder ALTER COLUMN id ADD GENERATED BY DEFAULT AS IDENTITY (
    SEQUENCE NAME public.encoder_id_encoder_seq
    START WITH 4
    INCREMENT BY 1
    NO MINVALUE
    NO MAXVALUE
    CACHE 1
);


--
-- TOC entry 223 (class 1259 OID 16418)
-- Name: engine_companies; Type: TABLE; Schema: public; Owner: kira9k
--

CREATE TABLE public.engine_companies (
    id_company integer NOT NULL,
    name text NOT NULL,
    country text
);


ALTER TABLE public.engine_companies OWNER TO kira9k;

--
-- TOC entry 5134 (class 0 OID 0)
-- Dependencies: 223
-- Name: TABLE engine_companies; Type: COMMENT; Schema: public; Owner: kira9k
--

COMMENT ON TABLE public.engine_companies IS 'Содержит название фирм двигателей ';


--
-- TOC entry 224 (class 1259 OID 16425)
-- Name: engine_companies_id_company_seq; Type: SEQUENCE; Schema: public; Owner: kira9k
--

ALTER TABLE public.engine_companies ALTER COLUMN id_company ADD GENERATED ALWAYS AS IDENTITY (
    SEQUENCE NAME public.engine_companies_id_company_seq
    START WITH 1
    INCREMENT BY 1
    NO MINVALUE
    NO MAXVALUE
    CACHE 1
);


--
-- TOC entry 225 (class 1259 OID 16426)
-- Name: engine_dc; Type: TABLE; Schema: public; Owner: kira9k
--

CREATE TABLE public.engine_dc (
    model text NOT NULL,
    p_nom real NOT NULL,
    m_nom real NOT NULL,
    n_nom real NOT NULL,
    u_nom real NOT NULL,
    i_nom real,
    r_nom real,
    j_nom real NOT NULL,
    m real,
    price numeric(9,2),
    drawing text,
    id integer NOT NULL,
    company integer DEFAULT 0,
    type_id integer,
    l_a real,
    max_current real
);


ALTER TABLE public.engine_dc OWNER TO kira9k;

--
-- TOC entry 5135 (class 0 OID 0)
-- Dependencies: 225
-- Name: TABLE engine_dc; Type: COMMENT; Schema: public; Owner: kira9k
--

COMMENT ON TABLE public.engine_dc IS 'Таблица ДПТ';


--
-- TOC entry 226 (class 1259 OID 16439)
-- Name: engine_dc_dc_id_seq; Type: SEQUENCE; Schema: public; Owner: kira9k
--

ALTER TABLE public.engine_dc ALTER COLUMN id ADD GENERATED ALWAYS AS IDENTITY (
    SEQUENCE NAME public.engine_dc_dc_id_seq
    START WITH 1
    INCREMENT BY 1
    NO MINVALUE
    NO MAXVALUE
    CACHE 1
);


--
-- TOC entry 227 (class 1259 OID 16440)
-- Name: engine_types; Type: TABLE; Schema: public; Owner: kira9k
--

CREATE TABLE public.engine_types (
    id_engine integer NOT NULL,
    type_name text NOT NULL
);


ALTER TABLE public.engine_types OWNER TO kira9k;

--
-- TOC entry 228 (class 1259 OID 16447)
-- Name: engine_types_id_engine_seq; Type: SEQUENCE; Schema: public; Owner: kira9k
--

ALTER TABLE public.engine_types ALTER COLUMN id_engine ADD GENERATED ALWAYS AS IDENTITY (
    SEQUENCE NAME public.engine_types_id_engine_seq
    START WITH 1
    INCREMENT BY 1
    NO MINVALUE
    NO MAXVALUE
    CACHE 1
);


--
-- TOC entry 229 (class 1259 OID 16448)
-- Name: gear_companies; Type: TABLE; Schema: public; Owner: kira9k
--

CREATE TABLE public.gear_companies (
    company_id integer NOT NULL,
    name_company text NOT NULL,
    country text
);


ALTER TABLE public.gear_companies OWNER TO kira9k;

--
-- TOC entry 230 (class 1259 OID 16455)
-- Name: gear_types; Type: TABLE; Schema: public; Owner: kira9k
--

CREATE TABLE public.gear_types (
    type_gear_id integer NOT NULL,
    type_gear text NOT NULL
);


ALTER TABLE public.gear_types OWNER TO kira9k;

--
-- TOC entry 231 (class 1259 OID 16462)
-- Name: gears; Type: TABLE; Schema: public; Owner: kira9k
--

CREATE TABLE public.gears (
    id integer CONSTRAINT gears_gear_id_not_null NOT NULL,
    gear_name text NOT NULL,
    gear_company integer,
    gear_type integer NOT NULL,
    i real NOT NULL,
    speed_norm real NOT NULL,
    c real NOT NULL,
    clearance real,
    torque_nom real NOT NULL,
    inertial_torque real,
    mass real,
    price numeric(9,2),
    drawing text,
    efficiency real NOT NULL
);


ALTER TABLE public.gears OWNER TO kira9k;

--
-- TOC entry 5136 (class 0 OID 0)
-- Dependencies: 231
-- Name: TABLE gears; Type: COMMENT; Schema: public; Owner: kira9k
--

COMMENT ON TABLE public.gears IS 'Таблица редукторов';


--
-- TOC entry 234 (class 1259 OID 16537)
-- Name: gears_gear_id_seq; Type: SEQUENCE; Schema: public; Owner: kira9k
--

ALTER TABLE public.gears ALTER COLUMN id ADD GENERATED ALWAYS AS IDENTITY (
    SEQUENCE NAME public.gears_gear_id_seq
    START WITH 9
    INCREMENT BY 1
    MINVALUE 9
    NO MAXVALUE
    CACHE 1
);


--
-- TOC entry 236 (class 1259 OID 16540)
-- Name: result; Type: TABLE; Schema: public; Owner: postgres
--

CREATE TABLE public.result (
    id integer NOT NULL,
    id_engine integer NOT NULL,
    id_gear integer NOT NULL,
    id_encoder integer NOT NULL,
    id_source_data integer,
    id_coef_regulators integer,
    id_utils integer
);


ALTER TABLE public.result OWNER TO postgres;

--
-- TOC entry 5137 (class 0 OID 0)
-- Dependencies: 236
-- Name: TABLE result; Type: COMMENT; Schema: public; Owner: postgres
--

COMMENT ON TABLE public.result IS 'Таблица электроприводов';


--
-- TOC entry 235 (class 1259 OID 16539)
-- Name: result_id_seq; Type: SEQUENCE; Schema: public; Owner: postgres
--

ALTER TABLE public.result ALTER COLUMN id ADD GENERATED ALWAYS AS IDENTITY (
    SEQUENCE NAME public.result_id_seq
    START WITH 1
    INCREMENT BY 1
    NO MINVALUE
    NO MAXVALUE
    CACHE 1
);


--
-- TOC entry 238 (class 1259 OID 16563)
-- Name: source_data; Type: TABLE; Schema: public; Owner: postgres
--

CREATE TABLE public.source_data (
    id integer NOT NULL,
    max_speed real NOT NULL,
    max_acc real NOT NULL,
    max_speed_work real NOT NULL,
    acc_duration real NOT NULL,
    rel_duration real NOT NULL,
    max_torque real NOT NULL,
    max_inertia_torque real NOT NULL,
    max_error real NOT NULL,
    overshoot real,
    transition_time real
);


ALTER TABLE public.source_data OWNER TO postgres;

--
-- TOC entry 5139 (class 0 OID 0)
-- Dependencies: 238
-- Name: TABLE source_data; Type: COMMENT; Schema: public; Owner: postgres
--

COMMENT ON TABLE public.source_data IS 'Таблица исходных данных';


--
-- TOC entry 237 (class 1259 OID 16562)
-- Name: source_data_id_seq; Type: SEQUENCE; Schema: public; Owner: postgres
--

ALTER TABLE public.source_data ALTER COLUMN id ADD GENERATED ALWAYS AS IDENTITY (
    SEQUENCE NAME public.source_data_id_seq
    START WITH 1
    INCREMENT BY 1
    NO MINVALUE
    NO MAXVALUE
    CACHE 1
);


--
-- TOC entry 232 (class 1259 OID 16475)
-- Name: type_encoder; Type: TABLE; Schema: public; Owner: kira9k
--

CREATE TABLE public.type_encoder (
    id_type integer NOT NULL,
    encoder_type text NOT NULL
);


ALTER TABLE public.type_encoder OWNER TO kira9k;

--
-- TOC entry 233 (class 1259 OID 16482)
-- Name: type_encoder_id_type_seq; Type: SEQUENCE; Schema: public; Owner: kira9k
--

ALTER TABLE public.type_encoder ALTER COLUMN id_type ADD GENERATED ALWAYS AS IDENTITY (
    SEQUENCE NAME public.type_encoder_id_type_seq
    START WITH 1
    INCREMENT BY 1
    NO MINVALUE
    NO MAXVALUE
    CACHE 1
);


--
-- TOC entry 242 (class 1259 OID 16602)
-- Name: utils; Type: TABLE; Schema: public; Owner: postgres
--

CREATE TABLE public.utils (
    id integer NOT NULL,
    "A_e" real,
    omega_e real,
    dyn_error real,
    stat_error real
);


ALTER TABLE public.utils OWNER TO postgres;

--
-- TOC entry 5141 (class 0 OID 0)
-- Dependencies: 242
-- Name: TABLE utils; Type: COMMENT; Schema: public; Owner: postgres
--

COMMENT ON TABLE public.utils IS 'Справочная таблица';


--
-- TOC entry 241 (class 1259 OID 16601)
-- Name: utils_id_seq; Type: SEQUENCE; Schema: public; Owner: postgres
--

ALTER TABLE public.utils ALTER COLUMN id ADD GENERATED ALWAYS AS IDENTITY (
    SEQUENCE NAME public.utils_id_seq
    START WITH 1
    INCREMENT BY 1
    NO MINVALUE
    NO MAXVALUE
    CACHE 1
);


--
-- TOC entry 5122 (class 0 OID 16590)
-- Dependencies: 240
-- Data for Name: coef_regulators; Type: TABLE DATA; Schema: public; Owner: postgres
--

COPY public.coef_regulators (id, k_dc, k_c, k_ci, k_ds, k_s, k_si, k_da, k_a, k_ai, k_pwm, "T_pwm", k_feedforward) FROM stdin;
13	0.4	0.7705	460.86957	0.030032644	14.127677	160.8	\N	19.316996	0	2.4	0.00015547263	0.01
14	0.4	0.2185	460.86957	0.030032644	4.0063562	45.6	\N	5.477954	0.021929825	2.4	0.0005482456	0.01
15	0.4	0.2185	460.86957	0.030032644	4.0063562	0	\N	5.477954	0.021929825	2.4	0.0005482456	0.01
16	0.4	0.2185	460.86957	0.030032644	4.0063562	45.6	\N	5.477954	0.021929825	2.4	0.0005482456	0.01
17	0.4	0.7705	460.86957	0.030032644	14.127677	160.8	\N	19.316996	0	2.4	0.00015547263	0.01
18	0.4	0.7705	460.86957	0.030032644	14.127677	160.8	\N	19.316996	0	2.4	0.00015547263	0.029403029
19	0.4	0.7705	460.86957	0.030032644	14.127677	160.8	\N	19.316996	0	2.4	0.00015547263	0
20	0.4	0.7705	460.86957	0.030032644	14.127677	160.8	\N	19.316996	0	2.4	0.00015547263	0
21	0.4	0.7705	460.86957	0.030032644	14.127677	160.8	\N	19.316996	0	2.4	0.00015547263	0.030363096
22	0.4	0.7705	460.86957	0.030032644	14.127677	160.8	\N	0.34463277	0	2.4	0.00015547263	0.03008852
23	0.4	0.7705	460.86957	0.030032644	14.127677	160.8	\N	1.2116948	0	2.4	0.00015547263	0.030080892
\.


--
-- TOC entry 5101 (class 0 OID 16397)
-- Dependencies: 219
-- Data for Name: company_encoder; Type: TABLE DATA; Schema: public; Owner: kira9k
--

COPY public.company_encoder (id_company_encoder, company_name, company_country) FROM stdin;
1	SKBIS	Россия
2	Bray Controls	США
3	sdfsdf	sdfsf
\.


--
-- TOC entry 5103 (class 0 OID 16405)
-- Dependencies: 221
-- Data for Name: encoder; Type: TABLE DATA; Schema: public; Owner: kira9k
--

COPY public.encoder (id, id_company, id_type_encoder, shaft_diameter, rotor_breakway_torque, rotor_moment_of_inertia, maximum_rotation_speed, supply_voltage, lines_count, weight, drawing, price, encoder_name) FROM stdin;
2	1	1	3	0.001	9.3e-08	10000	5	1000	0.06	\N	\N	ЛИР-128A
3	1	1	8	0.01	2e-06	10000	5	1300	0.3	\N	\N	ЛИР-180A
1	1	1	6	0.01	2e-06	10000	5	88	0.23	drawing_elements\\encoders\\ЛИР-158А.png	30135.00	ЛИР-158A
\.


--
-- TOC entry 5105 (class 0 OID 16418)
-- Dependencies: 223
-- Data for Name: engine_companies; Type: TABLE DATA; Schema: public; Owner: kira9k
--

COPY public.engine_companies (id_company, name, country) FROM stdin;
1	Transtecno	Италия
3	Fukuta Electric	Тайвань
2	Ever Electronica	Италия
4	ДАКС Энерго	Россия
5	Engel ElektroMotoren	Германия
6	Motor Power	Италия
7	Kollmorgen	США
\.


--
-- TOC entry 5107 (class 0 OID 16426)
-- Dependencies: 225
-- Data for Name: engine_dc; Type: TABLE DATA; Schema: public; Owner: kira9k
--

COPY public.engine_dc (model, p_nom, m_nom, n_nom, u_nom, i_nom, r_nom, j_nom, m, price, drawing, id, company, type_id, l_a, max_current) FROM stdin;
MT34-05M3	660	2.1	3000	48	15.3	0.16	0.0024	4	29750.00	\N	2	2	1	0.001	91.8
ST90MA	1500	5.7	2000	190	6.5	3.25	0.003	16.4	70000.00	\N	3	3	1	0.001	39
ДПУ–240-1100	1100	3.5	3000	120	12	0.53	0.00194	15	14000.00	\N	5	4	1	0.001537	72
EC030.24E	50	0.16	3500	24	3.5	6.86	0.0007	0.53	1400.00	\N	6	1	1	0.23324	21
Penta 5XS	100	0.48	2000	48	2.8	2.6	0.0003	3.5	20300.00	\N	7	6	1	0.00754	14
GNM–4150А	100	0.318	3000	24	5.5	0.49	9.83e-05	2.45	14000.00	\N	8	5	1	0.000784	42
55NM81-100-2	350	2.7	1600	42	19.2	0.65	7.1e-05	6.5	7000.00	\N	9	7	1	0.00023	102
GNM–3175	250	0.796	3000	24	12.9	0.106	4.2e-05	5.2	14700.00	drawing_elements\\motors\\GNM31_75.png	4	5	1	0.00023	25
\.


--
-- TOC entry 5109 (class 0 OID 16440)
-- Dependencies: 227
-- Data for Name: engine_types; Type: TABLE DATA; Schema: public; Owner: kira9k
--

COPY public.engine_types (id_engine, type_name) FROM stdin;
1	Двигатель постоянного тока
\.


--
-- TOC entry 5111 (class 0 OID 16448)
-- Dependencies: 229
-- Data for Name: gear_companies; Type: TABLE DATA; Schema: public; Owner: kira9k
--

COPY public.gear_companies (company_id, name_company, country) FROM stdin;
1	Harmonic Drive	Япония
2	Wittenstein	Германия
\.


--
-- TOC entry 5112 (class 0 OID 16455)
-- Dependencies: 230
-- Data for Name: gear_types; Type: TABLE DATA; Schema: public; Owner: kira9k
--

COPY public.gear_types (type_gear_id, type_gear) FROM stdin;
1	Волновой редуктор
2	Планетарный редуктор
\.


--
-- TOC entry 5113 (class 0 OID 16462)
-- Dependencies: 231
-- Data for Name: gears; Type: TABLE DATA; Schema: public; Owner: kira9k
--

COPY public.gears (id, gear_name, gear_company, gear_type, i, speed_norm, c, clearance, torque_nom, inertial_torque, mass, price, drawing, efficiency) FROM stdin;
1	HFUC-32-160-2A-R	1	1	160	3500	67000	0.00029	278	0.000196	3.2	78024.00	\N	0.83
4	CSG-20-160-2UH-SP	1	1	160	3500	16000	0.00015	52	1.9e-05	0.98	5000.00	\N	0.83
5	TP+ 004 MF	2	2	100	6000	27500	0.0002909	18	1.5e-06	1.5	150.00	\N	0.94
6	TP+ 010 MA	2	2	154	2000	144400	0.0001454	180	1.4e-05	46	310.00	\N	0.92
2	HDUR-32-260	1	2	260	2000	20000	0.000145	137	0.00026	1.7	500.00	\N	0.83
7	TP+ 025 MA	2	2	220	4000	320000	5e-05	364	5e-05	6.1	405.00	\N	0.94
8	TP+ 010 MA	2	2	88	4500	144386	0.00029	180	1.6e-05	3.6	310.00	\N	0.92
3	CSG-20-80-2UH-SP	1	1	80	3500	16000	0.00015	44	1.9e-05	0.98	3000.00	drawing_elements\\gears\\CSG-20-80-2UH-SP.png	0.83
\.


--
-- TOC entry 5118 (class 0 OID 16540)
-- Dependencies: 236
-- Data for Name: result; Type: TABLE DATA; Schema: public; Owner: postgres
--

COPY public.result (id, id_engine, id_gear, id_encoder, id_source_data, id_coef_regulators, id_utils) FROM stdin;
33	4	3	1	12	20	8
34	4	3	1	12	18	8
35	4	3	1	12	19	8
36	4	3	1	12	21	8
37	4	3	1	12	22	8
38	4	3	1	12	23	8
\.


--
-- TOC entry 5120 (class 0 OID 16563)
-- Dependencies: 238
-- Data for Name: source_data; Type: TABLE DATA; Schema: public; Owner: postgres
--

COPY public.source_data (id, max_speed, max_acc, max_speed_work, acc_duration, rel_duration, max_torque, max_inertia_torque, max_error, overshoot, transition_time) FROM stdin;
12	3.75	7.5	1.8754	0.35	0.05	15.2	0.408	0.01	5	0.116
13	3.75	7.5	1.8754	0.35	0.05	15.2	0.408	0.01	4	0.116
\.


--
-- TOC entry 5114 (class 0 OID 16475)
-- Dependencies: 232
-- Data for Name: type_encoder; Type: TABLE DATA; Schema: public; Owner: kira9k
--

COPY public.type_encoder (id_type, encoder_type) FROM stdin;
1	Инкрементальный
2	Абсолютный
3	asdasd
\.


--
-- TOC entry 5124 (class 0 OID 16602)
-- Dependencies: 242
-- Data for Name: utils; Type: TABLE DATA; Schema: public; Owner: postgres
--

COPY public.utils (id, "A_e", omega_e, dyn_error, stat_error) FROM stdin;
8	37.516003	3.999147	0.009374383	0.00062561745
\.


--
-- TOC entry 5143 (class 0 OID 0)
-- Dependencies: 239
-- Name: coef_regulators_id_seq; Type: SEQUENCE SET; Schema: public; Owner: postgres
--

SELECT pg_catalog.setval('public.coef_regulators_id_seq', 23, true);


--
-- TOC entry 5144 (class 0 OID 0)
-- Dependencies: 220
-- Name: company_encoder_id_company_encoder_seq; Type: SEQUENCE SET; Schema: public; Owner: kira9k
--

SELECT pg_catalog.setval('public.company_encoder_id_company_encoder_seq', 3, true);


--
-- TOC entry 5145 (class 0 OID 0)
-- Dependencies: 222
-- Name: encoder_id_encoder_seq; Type: SEQUENCE SET; Schema: public; Owner: kira9k
--

SELECT pg_catalog.setval('public.encoder_id_encoder_seq', 6, true);


--
-- TOC entry 5146 (class 0 OID 0)
-- Dependencies: 224
-- Name: engine_companies_id_company_seq; Type: SEQUENCE SET; Schema: public; Owner: kira9k
--

SELECT pg_catalog.setval('public.engine_companies_id_company_seq', 7, true);


--
-- TOC entry 5147 (class 0 OID 0)
-- Dependencies: 226
-- Name: engine_dc_dc_id_seq; Type: SEQUENCE SET; Schema: public; Owner: kira9k
--

SELECT pg_catalog.setval('public.engine_dc_dc_id_seq', 20, true);


--
-- TOC entry 5148 (class 0 OID 0)
-- Dependencies: 228
-- Name: engine_types_id_engine_seq; Type: SEQUENCE SET; Schema: public; Owner: kira9k
--

SELECT pg_catalog.setval('public.engine_types_id_engine_seq', 1, true);


--
-- TOC entry 5149 (class 0 OID 0)
-- Dependencies: 234
-- Name: gears_gear_id_seq; Type: SEQUENCE SET; Schema: public; Owner: kira9k
--

SELECT pg_catalog.setval('public.gears_gear_id_seq', 11, true);


--
-- TOC entry 5150 (class 0 OID 0)
-- Dependencies: 235
-- Name: result_id_seq; Type: SEQUENCE SET; Schema: public; Owner: postgres
--

SELECT pg_catalog.setval('public.result_id_seq', 38, true);


--
-- TOC entry 5151 (class 0 OID 0)
-- Dependencies: 237
-- Name: source_data_id_seq; Type: SEQUENCE SET; Schema: public; Owner: postgres
--

SELECT pg_catalog.setval('public.source_data_id_seq', 13, true);


--
-- TOC entry 5152 (class 0 OID 0)
-- Dependencies: 233
-- Name: type_encoder_id_type_seq; Type: SEQUENCE SET; Schema: public; Owner: kira9k
--

SELECT pg_catalog.setval('public.type_encoder_id_type_seq', 3, true);


--
-- TOC entry 5153 (class 0 OID 0)
-- Dependencies: 241
-- Name: utils_id_seq; Type: SEQUENCE SET; Schema: public; Owner: postgres
--

SELECT pg_catalog.setval('public.utils_id_seq', 8, true);


--
-- TOC entry 4939 (class 2606 OID 16595)
-- Name: coef_regulators coef_regulators_pkey; Type: CONSTRAINT; Schema: public; Owner: postgres
--

ALTER TABLE ONLY public.coef_regulators
    ADD CONSTRAINT coef_regulators_pkey PRIMARY KEY (id);


--
-- TOC entry 4917 (class 2606 OID 16484)
-- Name: company_encoder company_encoder_pkey; Type: CONSTRAINT; Schema: public; Owner: kira9k
--

ALTER TABLE ONLY public.company_encoder
    ADD CONSTRAINT company_encoder_pkey PRIMARY KEY (id_company_encoder);


--
-- TOC entry 4919 (class 2606 OID 16486)
-- Name: encoder encoder_pkey; Type: CONSTRAINT; Schema: public; Owner: kira9k
--

ALTER TABLE ONLY public.encoder
    ADD CONSTRAINT encoder_pkey PRIMARY KEY (id);


--
-- TOC entry 4921 (class 2606 OID 16488)
-- Name: engine_companies engine_companies_pkey; Type: CONSTRAINT; Schema: public; Owner: kira9k
--

ALTER TABLE ONLY public.engine_companies
    ADD CONSTRAINT engine_companies_pkey PRIMARY KEY (id_company);


--
-- TOC entry 4923 (class 2606 OID 16490)
-- Name: engine_dc engine_dc_pkey; Type: CONSTRAINT; Schema: public; Owner: kira9k
--

ALTER TABLE ONLY public.engine_dc
    ADD CONSTRAINT engine_dc_pkey PRIMARY KEY (id);


--
-- TOC entry 4925 (class 2606 OID 16492)
-- Name: engine_types engine_types_pkey; Type: CONSTRAINT; Schema: public; Owner: kira9k
--

ALTER TABLE ONLY public.engine_types
    ADD CONSTRAINT engine_types_pkey PRIMARY KEY (id_engine);


--
-- TOC entry 4927 (class 2606 OID 16494)
-- Name: gear_companies gear_companies_pkey; Type: CONSTRAINT; Schema: public; Owner: kira9k
--

ALTER TABLE ONLY public.gear_companies
    ADD CONSTRAINT gear_companies_pkey PRIMARY KEY (company_id);


--
-- TOC entry 4929 (class 2606 OID 16496)
-- Name: gear_types gear_types_pkey; Type: CONSTRAINT; Schema: public; Owner: kira9k
--

ALTER TABLE ONLY public.gear_types
    ADD CONSTRAINT gear_types_pkey PRIMARY KEY (type_gear_id);


--
-- TOC entry 4931 (class 2606 OID 16498)
-- Name: gears gears_pkey; Type: CONSTRAINT; Schema: public; Owner: kira9k
--

ALTER TABLE ONLY public.gears
    ADD CONSTRAINT gears_pkey PRIMARY KEY (id);


--
-- TOC entry 4935 (class 2606 OID 16545)
-- Name: result result_pkey; Type: CONSTRAINT; Schema: public; Owner: postgres
--

ALTER TABLE ONLY public.result
    ADD CONSTRAINT result_pkey PRIMARY KEY (id);


--
-- TOC entry 4937 (class 2606 OID 16576)
-- Name: source_data source_data_pkey; Type: CONSTRAINT; Schema: public; Owner: postgres
--

ALTER TABLE ONLY public.source_data
    ADD CONSTRAINT source_data_pkey PRIMARY KEY (id);


--
-- TOC entry 4933 (class 2606 OID 16500)
-- Name: type_encoder type_encoder_pkey; Type: CONSTRAINT; Schema: public; Owner: kira9k
--

ALTER TABLE ONLY public.type_encoder
    ADD CONSTRAINT type_encoder_pkey PRIMARY KEY (id_type);


--
-- TOC entry 4941 (class 2606 OID 16607)
-- Name: utils utils_pkey; Type: CONSTRAINT; Schema: public; Owner: postgres
--

ALTER TABLE ONLY public.utils
    ADD CONSTRAINT utils_pkey PRIMARY KEY (id);


--
-- TOC entry 4948 (class 2606 OID 16596)
-- Name: result coef_regulators_id; Type: FK CONSTRAINT; Schema: public; Owner: postgres
--

ALTER TABLE ONLY public.result
    ADD CONSTRAINT coef_regulators_id FOREIGN KEY (id_coef_regulators) REFERENCES public.coef_regulators(id) NOT VALID;


--
-- TOC entry 5154 (class 0 OID 0)
-- Dependencies: 4948
-- Name: CONSTRAINT coef_regulators_id ON result; Type: COMMENT; Schema: public; Owner: postgres
--

COMMENT ON CONSTRAINT coef_regulators_id ON public.result IS 'Внешний ключ для связи с таблицей коэффициентов';


--
-- TOC entry 4944 (class 2606 OID 16501)
-- Name: engine_dc dc_company; Type: FK CONSTRAINT; Schema: public; Owner: kira9k
--

ALTER TABLE ONLY public.engine_dc
    ADD CONSTRAINT dc_company FOREIGN KEY (company) REFERENCES public.engine_companies(id_company) NOT VALID;


--
-- TOC entry 5155 (class 0 OID 0)
-- Dependencies: 4944
-- Name: CONSTRAINT dc_company ON engine_dc; Type: COMMENT; Schema: public; Owner: kira9k
--

COMMENT ON CONSTRAINT dc_company ON public.engine_dc IS 'Ключ на таблицу с компаниями двигателей';


--
-- TOC entry 4942 (class 2606 OID 16506)
-- Name: encoder encoder_country_type; Type: FK CONSTRAINT; Schema: public; Owner: kira9k
--

ALTER TABLE ONLY public.encoder
    ADD CONSTRAINT encoder_country_type FOREIGN KEY (id_company) REFERENCES public.company_encoder(id_company_encoder);


--
-- TOC entry 5156 (class 0 OID 0)
-- Dependencies: 4942
-- Name: CONSTRAINT encoder_country_type ON encoder; Type: COMMENT; Schema: public; Owner: kira9k
--

COMMENT ON CONSTRAINT encoder_country_type ON public.encoder IS 'Внешний ключ для связи с таблицей стран-производителей энкодера';


--
-- TOC entry 4949 (class 2606 OID 16556)
-- Name: result encoder_id; Type: FK CONSTRAINT; Schema: public; Owner: postgres
--

ALTER TABLE ONLY public.result
    ADD CONSTRAINT encoder_id FOREIGN KEY (id_encoder) REFERENCES public.encoder(id) NOT VALID;


--
-- TOC entry 5157 (class 0 OID 0)
-- Dependencies: 4949
-- Name: CONSTRAINT encoder_id ON result; Type: COMMENT; Schema: public; Owner: postgres
--

COMMENT ON CONSTRAINT encoder_id ON public.result IS 'Ключ для связи с таблицей энкодеров';


--
-- TOC entry 4943 (class 2606 OID 16511)
-- Name: encoder encoder_type_key; Type: FK CONSTRAINT; Schema: public; Owner: kira9k
--

ALTER TABLE ONLY public.encoder
    ADD CONSTRAINT encoder_type_key FOREIGN KEY (id_type_encoder) REFERENCES public.type_encoder(id_type);


--
-- TOC entry 5158 (class 0 OID 0)
-- Dependencies: 4943
-- Name: CONSTRAINT encoder_type_key ON encoder; Type: COMMENT; Schema: public; Owner: kira9k
--

COMMENT ON CONSTRAINT encoder_type_key ON public.encoder IS 'Внешний ключ для связи с таблицей типов энкодера';


--
-- TOC entry 4950 (class 2606 OID 16546)
-- Name: result engine_id; Type: FK CONSTRAINT; Schema: public; Owner: postgres
--

ALTER TABLE ONLY public.result
    ADD CONSTRAINT engine_id FOREIGN KEY (id_engine) REFERENCES public.engine_dc(id) NOT VALID;


--
-- TOC entry 5159 (class 0 OID 0)
-- Dependencies: 4950
-- Name: CONSTRAINT engine_id ON result; Type: COMMENT; Schema: public; Owner: postgres
--

COMMENT ON CONSTRAINT engine_id ON public.result IS 'Ключ для связи с таблицей двигателей';


--
-- TOC entry 4946 (class 2606 OID 16516)
-- Name: gears gear_company; Type: FK CONSTRAINT; Schema: public; Owner: kira9k
--

ALTER TABLE ONLY public.gears
    ADD CONSTRAINT gear_company FOREIGN KEY (gear_company) REFERENCES public.gear_companies(company_id) NOT VALID;


--
-- TOC entry 5160 (class 0 OID 0)
-- Dependencies: 4946
-- Name: CONSTRAINT gear_company ON gears; Type: COMMENT; Schema: public; Owner: kira9k
--

COMMENT ON CONSTRAINT gear_company ON public.gears IS 'Внешний ключ для компании-производителя редуктора';


--
-- TOC entry 4951 (class 2606 OID 16551)
-- Name: result gear_id; Type: FK CONSTRAINT; Schema: public; Owner: postgres
--

ALTER TABLE ONLY public.result
    ADD CONSTRAINT gear_id FOREIGN KEY (id_gear) REFERENCES public.gears(id) NOT VALID;


--
-- TOC entry 5161 (class 0 OID 0)
-- Dependencies: 4951
-- Name: CONSTRAINT gear_id ON result; Type: COMMENT; Schema: public; Owner: postgres
--

COMMENT ON CONSTRAINT gear_id ON public.result IS 'Ключ для связи с таблицей редукторов';


--
-- TOC entry 4947 (class 2606 OID 16521)
-- Name: gears gear_type; Type: FK CONSTRAINT; Schema: public; Owner: kira9k
--

ALTER TABLE ONLY public.gears
    ADD CONSTRAINT gear_type FOREIGN KEY (gear_type) REFERENCES public.gear_types(type_gear_id) NOT VALID;


--
-- TOC entry 5162 (class 0 OID 0)
-- Dependencies: 4947
-- Name: CONSTRAINT gear_type ON gears; Type: COMMENT; Schema: public; Owner: kira9k
--

COMMENT ON CONSTRAINT gear_type ON public.gears IS 'Внешний ключ для типа редуктора';


--
-- TOC entry 4952 (class 2606 OID 16584)
-- Name: result source_data_id; Type: FK CONSTRAINT; Schema: public; Owner: postgres
--

ALTER TABLE ONLY public.result
    ADD CONSTRAINT source_data_id FOREIGN KEY (id_source_data) REFERENCES public.source_data(id) NOT VALID;


--
-- TOC entry 5163 (class 0 OID 0)
-- Dependencies: 4952
-- Name: CONSTRAINT source_data_id ON result; Type: COMMENT; Schema: public; Owner: postgres
--

COMMENT ON CONSTRAINT source_data_id ON public.result IS 'Внешний ключ для связи с таблицей исходных данных';


--
-- TOC entry 4945 (class 2606 OID 16526)
-- Name: engine_dc type_id; Type: FK CONSTRAINT; Schema: public; Owner: kira9k
--

ALTER TABLE ONLY public.engine_dc
    ADD CONSTRAINT type_id FOREIGN KEY (type_id) REFERENCES public.engine_types(id_engine) NOT VALID;


--
-- TOC entry 5164 (class 0 OID 0)
-- Dependencies: 4945
-- Name: CONSTRAINT type_id ON engine_dc; Type: COMMENT; Schema: public; Owner: kira9k
--

COMMENT ON CONSTRAINT type_id ON public.engine_dc IS 'Ключ на таблицу с видами двигателей';


--
-- TOC entry 4953 (class 2606 OID 16608)
-- Name: result utils_id; Type: FK CONSTRAINT; Schema: public; Owner: postgres
--

ALTER TABLE ONLY public.result
    ADD CONSTRAINT utils_id FOREIGN KEY (id_utils) REFERENCES public.utils(id) NOT VALID;


--
-- TOC entry 5165 (class 0 OID 0)
-- Dependencies: 4953
-- Name: CONSTRAINT utils_id ON result; Type: COMMENT; Schema: public; Owner: postgres
--

COMMENT ON CONSTRAINT utils_id ON public.result IS 'Внешний ключ для связи с таблицей справочных данных';


--
-- TOC entry 5131 (class 0 OID 0)
-- Dependencies: 240
-- Name: TABLE coef_regulators; Type: ACL; Schema: public; Owner: postgres
--

GRANT ALL ON TABLE public.coef_regulators TO kira9k WITH GRANT OPTION;


--
-- TOC entry 5138 (class 0 OID 0)
-- Dependencies: 236
-- Name: TABLE result; Type: ACL; Schema: public; Owner: postgres
--

GRANT SELECT,INSERT,DELETE,UPDATE ON TABLE public.result TO kira9k;


--
-- TOC entry 5140 (class 0 OID 0)
-- Dependencies: 238
-- Name: TABLE source_data; Type: ACL; Schema: public; Owner: postgres
--

GRANT ALL ON TABLE public.source_data TO kira9k WITH GRANT OPTION;


--
-- TOC entry 5142 (class 0 OID 0)
-- Dependencies: 242
-- Name: TABLE utils; Type: ACL; Schema: public; Owner: postgres
--

GRANT ALL ON TABLE public.utils TO kira9k WITH GRANT OPTION;


--
-- TOC entry 2110 (class 826 OID 16561)
-- Name: DEFAULT PRIVILEGES FOR TABLES; Type: DEFAULT ACL; Schema: public; Owner: postgres
--

ALTER DEFAULT PRIVILEGES FOR ROLE postgres IN SCHEMA public GRANT SELECT,INSERT,DELETE,UPDATE ON TABLES TO kira9k;


-- Completed on 2026-05-11 15:10:09

--
-- PostgreSQL database dump complete
--

\unrestrict pnC3OHqipY4lPbBWzAae1yWpRHiaLYPRTIgNn1x7yiRv9ktRqwNAG1Irio5Og72

